<?xml version="1.0" encoding="UTF-8"?><rss version="2.0"><channel><title>Naver Open API - news ::'아스날'</title><link>https://search.naver.com</link><description>Naver Search Result</description><lastBuildDate>Sat, 22 Jan 2022 15:17:10 +0900</lastBuildDate><total>71005</total><start>1</start><display>10</display><item><title>88경기 113골, 리버풀 18살 &apos;폴란드 메시&apos; 화제…클롭도 반했다</title><originallink>https://www.spotvnews.co.kr/news/articleView.html?idxno=501096</originallink><link>https://sports.news.naver.com/news.nhn?oid=477&amp;aid=0000339145</link><description>흥미롭게도 무시아워브스키의 시작은 리버풀이 아닌 &lt;b&gt;아스날&lt;/b&gt;이었다. 2020년 8월 연습생 신분으로 &lt;b&gt;아스날&lt;/b&gt; 유니폼을 입고 훈련하다가 리버풀 눈에 들었고, 지난해 7월 프로 계약을 맺었다. 무시아워브스키는 리버풀에... </description><pubDate>Sat, 22 Jan 2022 13:07:00 +0900</pubDate></item><item><title>슈퍼컴퓨터 &amp;quot;토트넘 최종 순위 4위&amp;quot;…맨유·&lt;b&gt;아스날&lt;/b&gt; &amp;quot;유로파&amp;quot;</title><originallink>https://www.spotvnews.co.kr/news/articleView.html?idxno=501118</originallink><link>https://sports.news.naver.com/news.nhn?oid=477&amp;aid=0000339137</link><description>웨스트햄이 승점 37점으로 4위를 지키고 있는 가운데 토트넘이 승점 36점으로 5위, 그리고 &lt;b&gt;아스날&lt;/b&gt;과... &lt;b&gt;아스날&lt;/b&gt;도 20경기, 맨체스터 유나이티드도 21경기로 토트넘보다 한 두 경기를 더 했다. 토트넘이 상대적으로 더 많은... </description><pubDate>Sat, 22 Jan 2022 12:17:00 +0900</pubDate></item><item><title>챔스 못 나가잖아…블라호비치 &lt;b&gt;아스날&lt;/b&gt; 거절, 맨시티행 선호</title><originallink>https://www.spotvnews.co.kr/news/articleView.html?idxno=501095</originallink><link>https://sports.news.naver.com/news.nhn?oid=477&amp;aid=0000339125</link><description>잉글랜드 프리미어리그 &lt;b&gt;아스날&lt;/b&gt;이 세르비아 출신 괴물 스트라이커 두샨 블라호비치(21)를 영입하려는 작업이 멈췄다. 영국 풋볼런던은 22일(한국시간) 이탈리아 칼초메르카토 소식을 인용해 블라호비치가 &lt;b&gt;아스날&lt;/b&gt;을... </description><pubDate>Sat, 22 Jan 2022 10:11:00 +0900</pubDate></item><item><title>호날두 챔스 못 가면 주급 깎인다…맨유에 &apos;떠날 수도&apos; 통보</title><originallink>https://www.spotvnews.co.kr/news/articleView.html?idxno=501094</originallink><link>https://sports.news.naver.com/news.nhn?oid=477&amp;aid=0000339110</link><description>다만 5위 토트넘 홋스퍼(36점), 6위 &lt;b&gt;아스날&lt;/b&gt;(35점)도 4위를 노리고 있어 올드 트래포드 팬들의 불안감은 커진다. 맨체스터 유나이티드는 지난 2018-19시즌 리그 순위 6위로 2019-20시즌 챔피언스리그가 아닌 유로파리그에... </description><pubDate>Sat, 22 Jan 2022 06:41:00 +0900</pubDate></item><item><title>[오피셜] 입지 잃은 &lt;b&gt;아스날&lt;/b&gt; 28세 수비수, 이탈리아행 선택</title><originallink>https://www.mhnse.com/news/articleView.html?idxno=94193</originallink><link>https://sports.news.naver.com/news.nhn?oid=445&amp;aid=0000036017</link><description>&lt;b&gt;아스날&lt;/b&gt;의 28세 수비수 파블로 마리가 이탈리아 세리에A로 향했다. 20일 오전(이하 한국시간) 이탈리아 세리에A... 지난 2020년 6월 &lt;b&gt;아스날&lt;/b&gt;에 합류한 이래 &lt;b&gt;아스날&lt;/b&gt;에서 활약했던 그는 아쉽게도 이번 시즌 주전 경쟁에서 완전히... </description><pubDate>Fri, 21 Jan 2022 20:31:00 +0900</pubDate></item><item><title>&apos;퇴장 머신&apos; 자카의 &apos;뻔뻔함&apos;, &amp;quot;내 스타일 바꿀 수 없어...위험 감수 즐긴다&amp;quot;</title><originallink>http://www.osen.co.kr/article/G1111748101</originallink><link>https://sports.news.naver.com/news.nhn?oid=109&amp;aid=0004544941</link><description>최근 잦은 경고와 퇴장으로 비판을 받은 그라니트 자카(29, &lt;b&gt;아스날&lt;/b&gt;)가 자신의 플레이 스타일을 고칠 생각이 없다고 말했다. 영국 &apos;메트로&apos;는 지난 20일(이하 한국시간) &lt;b&gt;아스날&lt;/b&gt;과 리버풀의 2021-2022 시즌 리그컵... </description><pubDate>Fri, 21 Jan 2022 16:27:00 +0900</pubDate></item><item><title>&amp;quot;울브스에서 환상적이었던 조타, 이제는 월클&amp;quot;...클롭 감독, &apos;멀티골&apos; 조타 &apos;...</title><originallink>http://www.osen.co.kr/article/G1111748063</originallink><link>https://sports.news.naver.com/news.nhn?oid=109&amp;aid=0004544925</link><description>리버풀은 21일(한국시간) 영국 런던 에미레이츠 스타디움에서 열린 ‘2021-22시즌 리그컵(카라바오컵)&apos; 준결승 2차전에서 홈팀 &lt;b&gt;아스날&lt;/b&gt;에 2-0 완승을 거뒀다. 전반 19분과 후반 32분 터진 디오고 조타의 멀티 골에 힘입은... </description><pubDate>Fri, 21 Jan 2022 15:54:00 +0900</pubDate></item><item><title>[스포츠타임]&apos;K리그 출신&apos; 오르시치, PL &apos;번리-&lt;b&gt;아스날&lt;/b&gt;&apos; 이적설 점화</title><originallink>https://www.spotvnews.co.kr/news/articleView.html?idxno=500955</originallink><link>https://sports.news.naver.com/news.nhn?oid=477&amp;aid=0000339020</link><description>4위권 진입을 노리고 있는 명문 &lt;b&gt;아스날&lt;/b&gt;도 오르시치에게 꾸준한 관심이 있다고 전해졌습니다. 오르시치는 2015년부터 2018년까지 K리그 전남 드래곤즈와 울산 현대를 거치며 에이스로 활약했습니다. 오직 축구밖에 모르는... </description><pubDate>Fri, 21 Jan 2022 15:29:00 +0900</pubDate></item><item><title>알렉산더-아놀드 &apos;택배 크로스&apos;에 소환된 &apos;전설&apos;...&amp;quot;발만 보면 구분 못해&amp;quot; &apos;극...</title><originallink>http://www.osen.co.kr/article/G1111748047</originallink><link>https://sports.news.naver.com/news.nhn?oid=109&amp;aid=0004544906</link><description>홈팀 &lt;b&gt;아스날&lt;/b&gt;에 2-0 완승을 거뒀다. 전반 19분과 후반 32분 터진 디오고 조타의 득점에 힘입은 승리였다. 영국... 통해 &lt;b&gt;아스날&lt;/b&gt;의 수비수와 골키퍼를 당황하게 했다. 메일에 따르면 머슨은 &amp;quot;그가 플레이하며 동료에게 보낸... </description><pubDate>Fri, 21 Jan 2022 15:11:00 +0900</pubDate></item><item><title>[스포츠타임]&apos;살라 마네 없어도&apos; 리버풀 카라바오컵 결승 이끈 지오구 조타</title><originallink>https://www.spotvnews.co.kr/news/articleView.html?idxno=500952</originallink><link>https://sports.news.naver.com/news.nhn?oid=477&amp;aid=0000339012</link><description>지난 21일 에미레이츠 스타디움에서 펼쳐진 &lt;b&gt;아스날&lt;/b&gt;과 리버풀의 카라바오컵 준결승 2차전. 1차전에서 0대0... 선제골을 허용한 &lt;b&gt;아스날&lt;/b&gt;은 동점골을 위해 끊임없이 리버풀의 골문을 두드렸으나 오히려 후반 32분 추가골을... </description><pubDate>Fri, 21 Jan 2022 15:01:00 +0900</pubDate></item></channel></rss>