<?xml version="1.0" encoding="UTF-8"?>
<!DOCTYPE mapper PUBLIC "-//mybatis.org//DTD Mapper 3.0//EN" "http://mybatis.org/dtd/mybatis-3-mapper.dtd">

<mapper namespace="com.bitc.mapper.UserMapper">

	<!--로그인 하기-->
	<select id="selectMemberInfoYn" parameterType="map" resultType="int">
		<![CDATA[
			SELECT 
				COUNT(*) AS cnt
		 	FROM
		 		user
		 	WHERE
		 		user_id = #{userId}
		 	AND 
		 		user_pw = #{userPw}
		]]>
	</select>


	<!--아이디 중복체크-->
	<select id="btnCheck" parameterType="String" resultType="int">
		<![CDATA[ 
    SELECT 
    	COUNT(*) AS cnt
     FROM 
     	user
      WHERE
          user_id = #{userId} ]]>
	</select>

	<!--회원가입-->
	<insert id="insertJoin" parameterType="com.bitc.dto.UserDto">
		<![CDATA[ 
			INSERT INTO user 
				(user_id, user_pw, email, name, phone, addr)
			VALUES 
				(#{userId}, #{userPw}, #{email}, #{name}, #{phone}, #{addr})
		]]>
	</insert>


	<!--회원정보 읽기-->
	<select id="selectUserList" resultType="com.bitc.dto.UserDto">
		<![CDATA[ 
			SELECT 
		user_idx, user_id, name
			FROM 
		user 
	]]>
	</select>

	<!--회원정보 읽기-->
	<select id="selectUserDetail" resultType="com.bitc.dto.UserDto">
		<![CDATA[ 
			SELECT 
		user_idx, user_id, user_pw, email, name, phone, addr
			FROM 
		user 
		Where 
		 user_idx = #{userIdx}
	]]>
	</select>

	<!--회원정보 수정 updateUser-->
	<update id="updateUser" parameterType="com.bitc.dto.UserDto">
		<![CDATA[ 
  			UPDATE 
  			 	user
		 	SET 
		 		user_id =#{userId}, user_pw= #{userPw}, email= #{email}, name= #{name}, phone= #{phone}, addr= #{addr}
			WHERE 
				user_idx = #{userIdx};     
		]]>
	</update>
	<!--회원 탈퇴-->
	<update id="userDelete" parameterType="int">
		<![CDATA[ 
			DELETE FROM
				user 
			WHERE 
				user_idx=#{userIdx}
		]]>
	</update>
	
	
	


</mapper>