<?xml version="1.0" encoding="UTF-8"?>
<!DOCTYPE mapper PUBLIC "-//mybatis.org//DTD Mapper 3.0//EN" "http://mybatis.org/dtd/mybatis-3-mapper.dtd">

<mapper namespace="com.bitc.mapper.GoodsMapper">
<select id="openGoodsList" resultType="com.bitc.dto.GoodsDto">
		<![CDATA[ 
		select * 
		from 
			goods 
		WHERE
			deleted_yn = 'N'
		
	]]>
	</select>
<insert id="insertGoods" parameterType="com.bitc.dto.GoodsDto" useGeneratedKeys="true" keyProperty="goodsIdx">
		<![CDATA[
			INSERT INTO
				goods (goods_title, goods_price)
			VALUES
				(#{goodsTitle}, #{goodsPrice})
		]]>
	</insert>
<select id="selectGoodsDetail" parameterType="int" resultType="com.bitc.dto.GoodsDto">
		<![CDATA[
			SELECT
				goods_idx, goods_title, goods_price
			FROM
				goods
			WHERE
				goods_idx = #{goodsIdx}
			AND
				deleted_yn = 'N'

		]]>
	</select>
	<select id="openFile" parameterType="int" resultType="com.bitc.dto.FileDto">
		<![CDATA[ 
			select
				*
			from
				file
			where 
				goods_idx=#{goodsIdx}
			AND
				deleted_yn = 'N'
		]]>
	</select >
	<update id="deleteGoods" parameterType="int">
		<![CDATA[
			UPDATE
				goods
			SET
				deleted_yn = 'Y'
			WHERE
				goods_idx = #{goodsIdx}
			AND
				deleted_yn = 'N'
		]]>
	</update>
	<update id="updateGoods" parameterType="com.bitc.dto.GoodsDto">
		<![CDATA[
			UPDATE
				goods
			SET
				goods_title=#{goodsTitle}, goods_price=#{goodsPrice}
			WHERE
				goods_idx = #{goodsIdx}
			AND
				deleted_yn = 'N'
		]]>
	</update>
	<insert id="insertGoodsPhotoList" parameterType="com.bitc.dto.FileDto">
		<![CDATA[
			INSERT INTO file
				(goods_idx, original_file_name, stored_file_path, file_size, creator_id, created_date)
			VALUES
		]]>
		<foreach collection="list" item="item" separator=",">
			(#{item.goodsIdx},
			#{item.originalFileName},
			#{item.storedFilePath},
			#{item.fileSize},
			'tester01',
			NOW())
		</foreach>
	</insert>
	<select id="selectGoodsPhotoList" parameterType="int" resultType="com.bitc.dto.FileDto">
		<![CDATA[
			SELECT
				file_idx, goods_idx, original_file_name, stored_file_path,
				FORMAT(ROUND(file_size / 1024), 0) AS file_size
			FROM
				file
			WHERE
				goods_idx = #{fileIdx}
			AND
				deleted_yn = 'N'
		]]>
	</select>
	<select id="openPhotoList" resultType="com.bitc.dto.FileDto">
		<![CDATA[ 
			SELECT
				file_idx, goods_idx, original_file_name, stored_file_path,
				FORMAT(ROUND(file_size / 1024), 0) AS file_size
			FROM
				file
			WHERE 
				goods_idx is not null
			AND
				deleted_yn='N'
		]]>
	</select >
	<update id="deletePhoto" parameterType="int">
		<![CDATA[
			UPDATE
				file
			SET
				deleted_yn='Y'
			WHERE
				goods_idx = #{goodsIdx}
			
		]]>
	</update>
</mapper>